# The version a module must declare for a platform library, where it is not the default.
# Columns: library, generation, major, minor, note
#
# read-from: KytyPS5@0b4e78c   src/libs/libVideoOut.cpp - `LIB_VERSION("VideoOut", 1, "VideoOut", 1, 1)`,
#            the Prospero-generation 1.1 registration this row records.
#
# A loader builds its lookup key from the version the importing module declares and matches it
# against the version the library was registered with. A wrong version does not fail the load:
# every symbol from that library silently goes unresolved.
#
# The default is 1.1. VideoOut differs by version alone between generations:
#
#   LibGen4: LIB_VERSION("VideoOut", 1, "VideoOut", 0, 0);   // twelve functions
#   LibGen5: LIB_VERSION("VideoOut", 1, "VideoOut", 1, 1);   // three
#
# Other split libraries use a different name per generation (`GraphicsDriver` against
# `Graphics5`) and need no row. An Orbis-generation module declaring 1.1 binds the
# Prospero-generation set, which cannot present a frame; a commercial Orbis-generation title
# declares 0.0 and binds all twelve.
#
# The rows come from one emulator's registration tables, so only the case with evidence has a
# row and the default stays 1.1. The generation column is the build-flag number (5 Prospero,
# 4 Orbis), not the ABI version byte.
#
library	generation	major	minor	note
libSceVideoOut	4	0	0	twelve functions at 0.0; the current generation registers three at 1.1
